"wallet","balance"
"HdngDytahcEW35efiicc3cj3JHoAZqpoTHPM39aQzAmM","25778536264.90907362515772899561409448684"
"62W2X8RLNLbw1bcf5uYBXZAZx6YSod9zj4YBj13RUNv9","5454591642.105855509090591103050272598169"
"CVRjQqatHFs7VLmsuiQCnjcWwZUYpia3Nin2VGEv2SRw","23339956685.84355352775853561303044125385"
"5SuduVomqdS2P2nYVmeTMduP9jdaaKGdRZ9H6uH6uHSe","2621199815.992371558457846742792816249808"
"83Vc73W2TuqfqwAsLALC8RWqCGqf5DYDSAccwqDSPdYu","53856262198.93022674145922512251670195816"
"2pR4ejyJR7c6FfoYUnXxt7NW5BeE42gCRraS6xom38aq","1349654386977.998561074667861110237194834"
"G3nMrF1PQU5Wo3pBW28hDrSJYpc9ZgzEotNt5u5CPCxa","742463717.4018324220680803241457074359444"
